{
  "total_questions": 150,
  "routing_accuracy_rate": 0.94,
  "avg_faithfulness": 4.506666666666667,
  "avg_relevance": 4.133333333333334
}